ID,JAHR,MONAT,TAG,SPITZMARKE,ÜBERSCHRIFT,UNTERÜBERSCHRIFT
1,2021,2,2,Meron Mendel Die Mendel’schen Regeln 9,Wie die AfD-nahe Erasmus-Stiftung Millionen Steuergelder an ihre Spießgesellen verteilt,
2,2021,2,2,,Viele Nazis in der AfD-Wählerschaft,
3,2021,2,1,Bertelsmann-Studie zur AfD,Wie rechts ist die AfD?,
4,2021,2,1,Einstufung durch den Verfassungsschutz,Drei Szenarien für die AfD,
5,2021,1,30,,AfD in Bremen kopflos,
6,2021,1,27,Einstufung durch den Verfassungsschutz,Gericht lehnt AfD-Antrag ab,
7,2021,1,26,Verfassungschutz in Sachsen-Anhalt,AfD-Landesverband unter Beobachtung,
8,2021,1,25,Die AfD und der Verfassungsschutz,Fehlstart mit Folgen,
9,2021,1,25,Einstufung des Verfassungsschutzes,Entscheidung zur AfD verzögert sich,
10,2021,1,23,Hamburger Rechte fordern Observierung,AfD trollt Grüne Jugend,
11,2021,1,22,AfD-Affäre beim Verfassungsschutz Berlin,Referatsleiter abgesetzt,
12,2021,1,22,AfD Berlin und Verfassungsschutz,Hand in Hand mit dem Geheimdienst,
13,2021,1,22,AfD Berlin und der Verfassungsschutz,Freunde mit gewissen Vorzügen,
14,2021,1,21,AfD und Geisel,Streit über Gutachten,
15,2021,1,20,AfD und Verfassungsschutz,Das Bibbern der Beamten,
16,2021,1,20,AfD-Beobachtung durch Verfassungsschutz,Eine überfällige Entscheidung,
17,2021,1,19,Debatte über Gemeinnützigkeit,Vor den Karren der AfD gespannt,
18,2021,1,19,Einstufung durch Verfassungsschutz ,Verdachtsfall AfD,
19,2021,1,18,Ermittlungen gegen AfD-Geschäftsführer,AfDlerin zeigt Fraktionskollegen an,
20,2021,1,11,AfD-Klage in Hessen,Schwarz-grüne Mehrheit bleibt,
21,2021,1,6,Nach Streit mit AfD-Stadtrat,Amtsarzt hat eine neue Stelle,
22,2021,1,5,Krise der AfD im Norden,Stramm nach rechts gestrauchelt,
23,2020,12,17,Ärger um AfD im Bundestag,Nützliche Verzögerung,
24,2020,12,16,Rechts außen im Bundestag,AfD verliert drei Ausschusssitze,
25,2020,12,14,specht der woche,Man sollte nicht mit der AfD zusammenarbeiten,
26,2020,12,11,AfD im Visier des Verfassungsschutzes,Beobachtung rückt näher,
27,2020,12,10,Ärger mit AfD-Stadtrat,Bezirk sucht Facharzt,
28,2020,12,9,Entscheidung des Verfassungsschutzes,Sachsens AfD wird beobachtet,
29,2020,12,8,AfD-Delegation in Moskau,Roter Teppich für Putin-Versteher,
30,2020,12,7,Politische Haltung in Covid-Hotspots,Kriegen AfD-Fans eher Corona?,
31,2020,12,3,Ärger mit AfD-Stadtrat ,Theater in Treptow,
32,2020,12,2,Regierungskrise in Sachsen-Anhalt,Die AfD lacht sich ins Fäustchen,
33,2020,12,2,Hamburger AfD verliert Parlamentsmandat,Da waren es nur noch sechs,
34,2020,12,1,Linkspartei kooperiert mit der AfD,Konfliktstoff in der Lausitz,
35,2020,11,30,Kommentar von Sabine am Orde zum Parteitag der AfD,Rechts außen verhakt und blockiert,
36,2020,11,29,AfD-Bundesparteitag in Kalkar,Meuthen kann bleiben,
37,2020,11,28,Gegenprotest bei AfD-Parteitag in Kalkar,Draußen vor dem Brüter,
38,2020,11,29,Parteitag der AfD,Rechts außen zerrissen,
39,2020,11,29,AfD-Bundesparteitag in Kalkar,Punktsieg für Meuthen,
40,2020,11,28,AfD-Parteitag in Kalkar,Aufruhr im Wunderland,
41,2020,11,28,AfD-Bundesparteitag in Kalkar,Auflagen im Gesicht,
42,2020,12,1,Für 8 Millionen Euro Kokain,Der Schneemann von der AfD,
43,2020,11,27,AfD-Parteitag und Corona,Gericht bestätigt Maskenpflicht,
44,2020,11,27,Verbindung der AfD zu Auto-Attentäter,Man kennt sich von Insta,
45,2020,11,26,Coronamaßnahmen bei Parteitag,Stadt droht AfD mit Abbruch,
46,2020,11,24,Debatte über AfD-Verbot,Ein gefährliches Spiel,
47,2020,11,24,Vor Parteitag der AfD,Mit Maske im Wunderland,
48,2020,11,23,,Diskussion über AfD-Verbot ,
49,2020,11,24,AfDlerin wechselt zur Bremerhavener CDU,CDU nach rechts recht offen,
50,2020,11,20,Debatte über Coronaprovokateure,Die große AfD-Opfershow,
51,2020,11,20,AfD-Spendenaffäre um Alice Weidel,Strohleute und hohe Strafen,
52,2020,11,18,Missachtete Abstandsregeln,AfD will Hotspot werden,
53,2020,11,17,Verletzte bei Demo gegen AfD-Parteitag,Parteitagsbesucher fährt in Demo,
54,2020,11,15,Mitglied des rechtsextremen „Flügels“,Frank Pasemann muss AfD verlassen,
55,2020,11,11,Skandal um AfD Bayern,AfD-Mann relativiert Holocaust,
56,2020,11,11,AfD-Bundesparteitag darf stattfinden ,"Nicht schön, aber richtig",
57,2020,11,11,Trotz Corona dürfen 850 Personen kommen,AfD darf Parteitag veranstalten,
58,2020,11,10,AfD streitet über Joe Biden,Kritik an Weidel und Gauland,
59,2020,11,9,Lagerkämpfe in der Bremer AfD,Neues aus dem Kindergarten,
60,2020,11,6,AfD vs. VVN-BdA,Verhandlung verschoben,
61,2020,11,5,Rechte Großveranstaltung in Coronakrise,AfD will Parteitag einklagen,
62,2020,11,5,Landesparteitag der AfD Berlin abgesagt,Alles im Eimer,
63,2020,10,29,AfD-Brandenburg hat neuen Fraktionschef,Wieder ein Rechtsextremist,
64,2020,10,27,AfD im Brandenburger Landtag,Rechter Nachfolger gesucht,
65,2020,10,23,AfD Berlin sagt Parteitag ab,Diesmal war’s nicht die Antifa,
66,2020,10,22,AfD-Delegation reist nach Bergkarabach,Nationalisten treffen Nationalisten,
67,2020,10,20,Vorfall nach einer AfD-Veranstaltung,Angriff mit dem Auto,
68,2020,10,18,Protest gegen AfD-Parteitag,Konfetti in Kaulsdorf,
69,2020,10,14,Forscher über die neue Rechte ,„Die AfD ist in desolatem Zustand“,
70,2020,10,13,AfD-Vorsitz im Stadtrat Gera,Die völkische Premiere,
71,2020,10,9,,AfD-Mann leitet Ausschuss,
72,2020,10,9,heute in bremen,„Frauen machen die AfD ‚menschlicher‘“,
73,2020,10,7,Skandal um Gewaltfantasien,AfD-Mann räumt Äußerungen ein,
74,2020,10,2,AfD-Chef wird nicht kandidieren,Meuthen will nicht in den Bundestag,
75,2020,9,30,Äußerungen von AfDler,Von rechts verelendet,
76,2020,9,28,Die AfD zerlegt sich ,Streit statt Politik,
77,2020,9,28,,Noch eine AfD-Fraktion weniger,
78,2020,9,25,AfD-Politiker im Stadtrat in Gera,Niemand will’s gewesen sein,
79,2020,9,25,AfD in Schleswig-Holstein,Rechte Landtagsfraktion zerbricht,
80,2020,9,24,Andreas Speit Der rechte Rand,Wie sich die AfD-Fraktion in Hannover zerlegt,
81,2020,9,22,AfD-Fraktion in Niedersachsen zerbricht  ,Drei Austritte nach Rechtsruck ,
82,2020,9,20,Niedersächsische AfD auf Rechtskurs,Bitte unauffällig bleiben!,
83,2020,9,14,Forscher über NRW-Wahlergebnis der AfD ,„Geprägt von internen Querelen“ ,
84,2020,9,13,AfD-Landesparteitag in Braunschweig,Noch weiter rechts,
85,2020,9,4,,AfD pocht auf Chefposten,
86,2020,8,27,Sommerinterviews mit der AfD,Fatales Geplauder,
87,2020,8,26,Initiative kritisiert falsche Fakten,AfD will Wald in Hessen schützen,
88,2020,8,24,AfD mobilisiert für Anti-Corona-Demo,"Aufrufen ja, demonstrieren nein",
89,2020,8,21,Kalbitz' Mitgliedschaft in der AfD,Er bleibt draußen,
90,2020,8,21,AfD-Streit um Andreas Kalbitz,Ein schwerer Schlag,
91,2020,8,21,AfD-Streit um Andreas Kalbitz,Angeschlagen in die nächste Runde,
92,2020,8,20,Rechtsextremer „Flügel“ ,Bröckeln bei der AfD,
93,2020,8,20,Sabine am Orde über die AfD und Andreas Kalbitz,Schluss mit Nibelungentreue,
94,2020,8,19,Streit um AfD-Mitgliedschaft ,Kalbitz schafft sich ab,
95,2020,8,19,,SPD und AfD gegen Linke,
96,2020,8,18,Ermittlungen gegen Kalbitz,Schlag auf Schlag bei der AfD,
97,2020,8,15,Berliner Vizechefin der AfD tritt zurück,AfD-Fraktion zerlegt sich selbst,
98,2020,8,14,AfD in der Krise,Rechte im Corona-Chaos,
99,2020,8,7,Rechte Anschlagsserie in Neukölln,Verdacht auf AfD-nahe Staatsanwälte,
100,2020,8,4,Fraktionsvorsitz der Brandenburger AfD,Kalbitz lässt Amt ruhen,
101,2020,8,3,Ehrenvorsitzender der AfD wankt,Gauland schafft sich ab,
102,2020,8,1,Die AfD in der Krise,Das Rezept ist abgelaufen,
103,2020,7,27,Streit um Mitgliedschaft in der AfD,Neue Schlappe für die ganz Rechten,
104,2020,7,26,Reinrausspiel um AfD-Brandenburg-Chef,Kalbitz erneut draußen,
105,2020,7,26,AfD: Rausschmiss von Kalbitz,Die Selbstschwächung geht weiter,
106,2020,7,25,Bundesschiedsgericht zu AfD-Parteimitgliedschaft,Ausschluss von Kalbitz bestätigt,
107,2020,7,25,AfD-Migliedschaft von Andreas Kalbitz,Highnoon in Stuttgart,
108,2020,7,22,Spitzel-Vorwurf gegen Abgeordneten,Stasi-Verdacht in Thüringer AfD,
109,2020,7,11,Interview mit AfD-Chef sorgt für Kritik,"RBB versagt, Rechtsextreme jubeln",
110,2020,7,10,Studienwerk-Leiterin über AfD-Stiftung,„Keine Zusammenarbeit“ ,
111,2020,7,8,AfD Berlin rebelliert gegen Pazderski,Da hilft keine Supervision,
112,2020,7,7,Pazderski kandidiert für die AfD Berlin,Der vermeintlich Gemäßigte,
113,2020,7,7,Politikwissenschaftler über die AfD,„Ignorieren geht nicht mehr“,
114,2020,7,3,AfD-Beobachtung durch Verfassungsschutz,Der sächsische Sonderweg,
115,2020,7,1,Sachsens Verfassungsschutzchef,Versetzung nach Disput über AfD,
116,2020,6,27,Streit um Linkspartei-Kooperation mit AfD ,Grenzverletzung in Brandenburg ,
117,2020,6,26,,AfD-Fraktion beim Lügen erwischt,
118,2020,6,25,Machtkampf in der AfD,Kalbitz muss wieder gehen,
119,2020,6,25,AfD Berlin muss Hass-Video löschen,AfD-Fraktion beim Lügen erwischt,
120,2020,6,25,Streit in AfD-naher Erasmus-Stiftung,„Unheilige Allianzen“,
121,2020,6,24,AfD Brandenburg,Kalbitzwieder da,
122,2020,6,22,,AfD-Chef Meuthen knapp bestätigt,
123,2020,6,20,AfD-Rechtsextremist Kalbitz gewinnt vor Gericht,Nur ein Etappensieg,
124,2020,6,19,Streit um rechtsextremen Ex-AfDler,Causa Kalbitz vor Gericht,
125,2020,6,18,AfD-Europapolitiker Gunnar Beck,Fake-Professor nicht mehr immun,
126,2020,6,17,,AfD Brandenburg unter Beobachtung,
127,2020,6,15,Brandenburger AfD unter Beobachtung,Absolut überfällig,
128,2020,6,15,Reinhard Loske über Gruhl-Gesellschaft,„Eine Tarnorganisation der AfD“,
129,2020,6,15,Verfassungsschutz zur AfD Brandenburg,Unter Beobachtung,
130,2020,6,12,AfD hetzt mit Video gegen Politiker,Fehlt nur noch die Zielscheibe,
131,2020,6,11,Breitscheidplatz,AfD-Polizist noch im Amt,
132,2020,6,11,Prozess nach Gewalt auf AfD-Parteitag,Verfahren gegen Aktivist:innen aus,
133,2020,6,10,,AfD gewinnt gegen Seehofer – aber nicht ganz,
134,2020,6,9,AfD-Klage gegen Seehofer erfolgreich,Politischer Abmahnverein,
135,2020,6,9,Bundesverfassungsgericht zu AfD-Klage,Seehofer verliert in Karlsruhe,
136,2020,6,6,Ermittlungen gegen Berliner Beamten,"AfD, NPD, Polizei",
137,2020,6,5,Anschlag auf Berliner Weihnachtsmarkt,Polizeiinterna für die AfD,
138,2020,5,31,Kulturszene in Sachsen und die AfD,Generalstreik in Radebeul,
139,2020,5,29,AfD scheitert vor Verfassungsgericht,Brandner weiter ohne Vorsitz,
140,2020,5,28,Sturz von AfD-Fraktionschefin gescheitert,Bayerns Rechte im Chaos,
141,2020,5,28,Niedersächsischer AfD-Landesverband ,In Teilen rechtsextrem,
142,2020,5,27,Nach Annulierung der AfD-Mitgliedschaft,Kalbitz geht gegen Rausschmiss vor,
143,2020,5,27,Streit bei der AfD in Bayern,Fraktionschefin droht der Putsch,
144,2020,5,26,IfS-Geschäftsführer Erik Lehnert geht,Vorstand von AfD-Stiftung abgewählt,
145,2020,5,24,"VW, AfD und Arbeiterschutz",Kuscheleien und Streitigkeiten,
146,2020,5,23,Machtkampf in der AfD,Das Chaos nach der Causa Kalbitz,
147,2020,5,19,Machtkampf um Kalbitz in der AfD,Der Druck hat gewirkt,
148,2020,5,18,Andreas Kalbitz bleibt in AfD-Fraktion,Mitspielen trotz Parteiausschluss,
149,2020,5,18,Brandenburgs AfD,Bleibt Kalbitz Fraktionschef?,
150,2020,5,17,Machtkampf in der AfD,Meuthens gewagte Ansage,
151,2020,5,17,Machtkampf in der AfD,Höcke setzt auf Aufstand,
152,2020,5,16,Nach dem Rauswurf von Andreas Kalbitz,Neuer Machtkampf in der AfD,
153,2020,5,16,Nach Rausschmiss aus der AfD,Kalbitz will Entscheidung anfechten,
154,2020,5,15,AfD schmeißt Andreas Kalbitz raus,„Mit sofortiger Wirkung“,
155,2020,5,15,Brandenburgs AfD-Chef droht Ärger,Jetzt geht's um die Wurst,
156,2020,5,14,AfDler auf der Suche nach neuem Profil,Andocken bei Corona-Leugnern,
157,2020,5,13,Chef der AfD-Brandenburg,Für Kalbitz wird es enger,
158,2020,5,13,Abwahlantrag für Vorstand Erik Lehnert,Unruhe in AfD-Stiftung,
159,2020,5,11,Verschwörungsdemonstrationen in Berlin ,AfD jetzt auch für Hygiene,
160,2020,5,8,Ein Jahr nach den Kommunalwahlen,Sachsen-AfD schleicht sich hoch,
161,2020,5,8,AfD gegen ostdeutsche Zivilgesellschaft,Start für die „Trockenlegung“,
162,2020,5,6,Bizarrer Skandal um Christian Lüth,AfD-Sprecher bleibt freigestellt,
163,2020,5,5,Skandal um AfD-Sprecher Christian Lüth ,Nazi-Opa bloß erfunden?,
164,2020,5,1,Auflösung des rechtsextremen AfD-Flügels,Führerkult auf Facebook,
165,2020,4,27,Radikale Rechte im Bundestag,AfD stellt Pressesprecher frei,
166,2020,4,18,Rechtsextreme Strömung in der AfD,Partei setzt Kalbitz unter Druck,
167,2020,4,24,Ex-AfDler wird Enthüllungsjournalist,Es wallrafft in Bremen,
168,2020,4,11,Corona-Infektionsschutzgesetz in NRW,Bremsklotz AfD,
169,2020,4,9,Radikale Rechte verliert in Pandemie,AfD in der Coronakrise,
170,2020,4,6,Pro und Contra Bürgerschaftspöstchen,AfD ins Präsidium der Bürgerschaft?,
171,2020,4,4,AfD diskutiert über eigene Aufspaltung,Meuthen macht den Lucke,
172,2020,4,3,Rechtsextreme Strömung „Der Flügel“,Meuthen wünscht sich eine UAfD,
173,2020,4,2,Bizarrer Machtkampf in der AfD,Schlammschlacht bei den Rechten,
174,2020,4,1,AfD unterliegt im Streit ums Schächten,Klatsche für falsche Tierfreunde,
175,2020,3,28,Rechtsextremismus in der AfD,Gefährliche Ex-Freunde,
176,2020,3,26,Rechtsextreme Strömung in der AfD,„Flügel“ hört offiziell auf,
177,2020,3,23,Rechtsextremer „Flügel“ und die AfD,Alles andere als gestutzt,
178,2020,3,22,Nach Äußerungen zur AfD,Bauernführerin tritt zurück,
179,2020,3,19,Rechtsextreme AfD-Strömung,Verwirrung um Flügel-Auflösung,
180,2020,3,24,Tesla und die AfD,Populisten in die Produktion,
181,2020,3,20,Rechtsextreme Strömung in der AfD,„Flügel“ soll sich auflösen,
182,2020,3,20,Rechtsextreme in der AfD,Meuthen will Flügel kappen,
183,2020,3,20,Hamburger AfD verhält sich zum „Flügel“,Faschisten taktisch unerwünscht,
184,2020,3,19,,Basteln für die AfD,
185,2020,3,19,,AfD-Chef von NRW will Auflösung des „Flügels“,
186,2020,3,18,Coronavirus in Sachsen,Der AfD geht die Muffe,
187,2020,3,18,Extreme Rechte in Zeiten des Coronavirus,Die AfD blamiert sich in der Krise,
188,2020,3,18,Thüringer Innenminister über die AfD,„So etwas hatten wir noch nie“,
189,2020,3,17,Verfassungsschutz vs AfD,Noch mehr Ungemach für AfD?,
190,2020,3,12,AfD-„Flügel“ ist rechtsextrem,„Warnung an Feinde der Demokratie“,
191,2020,3,12,Der rechtsextreme Flügel der AfD,Gefährlicher als die NPD,
192,2020,3,11,Einigung bei den radikal Rechten,AfD kommt Rentenkonzept näher,
193,2020,3,11,AfD nach Thüringen-Debakel,Verlierer Höcke,
194,2020,3,9,Bauernbewegung in Niedersachsen,Von AfD abgrenzen? Nö!,
195,2020,3,9,Ramelow und die AfD,Pragmatisch bis zum Umfallen,
196,2020,3,7,Anti-AfD-Kundgebung in München,Tu's einfach nicht,
197,2020,3,7,,Bodo Ramelow wählt die AfD,
198,2020,3,5,Buchungen vor AfD-Parteitag storniert,Der Feind in meinem Hotelbett,
199,2020,3,5,AfD auf dem Kieker,Schwesig will beobachten lassen ,
200,2020,3,4,AfD im Visier des Verfassungsschutzes,„Flügel“ kurz vor Beobachtung ,
201,2020,3,3,AfD-Angriffe auf Fridays for Future,Klimakids gehören nicht zum „Volk“,
202,2020,2,28,Protest gegen AfD-Frauenmarsch,"Blockade bleibt straffrei
",
203,2020,2,28,das portrait,Kathrin Weiherwill keine AfD-Stimmen,
204,2020,2,27,Andreas Speit Der rechte Rand,Wie die AfD-Fraktion in Hamburg durch Frauen rechter wird,
205,2020,2,26,Hanau-Debatte im Brandenburger Landtag,AfD darf nicht Debatte blockieren,
206,2020,2,26,Die AfD und Hanau,Auf der Seite der Täter,
207,2020,2,25,Wahlergebnis der AfD in Hamburg,Ende eines Siegeszugs,
208,2020,2,23,Hamburg hat gewählt,AfD und FDP zittern sich rein,
209,2020,2,23,Nach rassistischem Anschlag in Hanau,Ton gegen die AfD wird schärfer,
210,2020,2,23,Die CDU und ihr Verhältnis zur AfD,"Kein Messias, nirgends",
211,2020,2,21,Hamburg vor der Bürgerschaftswahl,Zu cool für die AfD?,
212,2020,2,16,"CDU, AfD und die Katholiken",Und was ist mit den Frauen?,
213,2020,2,16,AfD streitet über Rentenreform,Meuthen scheitert,
214,2020,2,15,AfD-Parteitag in Baden-Württemberg,Buhrufe für Weidel,
215,2020,2,14,Großspende für die AfD,AfD erbt Millionen,
216,2020,2,13,Spende an AfD,Auch anderen gespendet,
217,2020,2,11,Verhandlung des Verfassungsgerichts,AfD wohl erfolgreich gegen Seehofer,
218,2020,2,9,AfD in Thüringen,Gaulands cleverer Schachzug,
219,2020,2,8,Nach Wahl durch AfD in Thüringen,Sind wir erfolgreich geimpft?,
220,2020,2,7,Berliner CDU und AfD,Ein ostdeutscher Landesverband,
221,2020,2,7,AfD-Drama in Thüringen,Grüne Krisengewinner,
222,2020,2,6,Coup der AfD in Thüringen ,Der Sieger heißt Höcke,
223,2020,2,5,Thüringens neuer Ministerpräsident,„Keine Mehrheit mit der AfD“,
224,2020,1,31,AfD sucht nach Rentenkompromiss,Neoliberal oder deutschnational?,
225,2020,1,30,Andreas Speit Der rechte Rand,Wo die AfD in jeder Ausgabeabgefeiert wird,
226,2020,1,29,Bundestagsabgeordnete tritt aus,AfD-Fraktion schrumpft weiter,
227,2020,1,28,Nicolaus Fest wird Notvorsitzender,Berliner AfD rückt nach rechts,
228,2020,1,25,Shoah-Gedenken und die AfD,Ungebetene Gäste,
229,2020,1,26,,AfD-Parteitag erneut abgesagt,
230,2020,1,23,Gedenken an die Holocaust-Opfer mit AfD,Gestörte Erinnerung,
231,2020,1,23,Parteitag der AfD Berlin erneut abgesagt,Rechte scheitern vor Gericht,
232,2020,1,23,,Hauptverdächtiger war bei AfD-Veranstaltungen,
233,2020,1,22,Verdächtiger im Mordfall Lübcke,Ernst war bei AfD-Veranstaltungen,
234,2020,1,17,Polizei lässt AfD abblitzen,„Wir lassen uns nicht vorladen“,
235,2020,1,14,Machtkampf in der Berliner AfD,Parteichef tritt nicht mehr an ,
236,2020,1,13,Radikale Rechte gegen Verfassungsschutz,AfD klagt gegen Beobachtung,
237,2020,1,10,Urteil in AfD-Spendenaffäre,Erschreckende Ignoranz,
238,2020,1,10,Kein Raum der AfD,Raum- undkopflos,
239,2020,1,9,AfD-Spendenaffäre vor Gericht,Teuer Geld,
240,2020,1,9,Wie ein AfD-Politiker Rechte unterstützt,Die Immobilien-Connection,
241,2020,1,9,,AfD ist nicht willkommen,
242,2020,1,8,Richterwahl,AfD sitzt jetzt mit im Ausschuss,
243,2020,1,7,Parteitag der Berliner AfD,Vermieter will zurückziehen,
244,2020,1,3,Parteispendenaffäre um die AfD,Weidel-Spende oder AfD-Spende?,
245,2019,12,19,Austritt aus AfD-Bundestagsfraktion,Demokratie oder AfD,
246,2019,12,16,Streit um AfD-Kritiker Ziebs,Feuerwehrverband brennt lichterloh,
247,2019,12,10,Rechtsextremismus und AfD,AfD als Matrjoschka-Puppe,
248,2019,12,8,Bismarck und die Rechten,Der Posterboy der AfD,
249,2019,12,5,Abschiebepläne nach Syrien,Ein Ohr für die AfD,
250,2019,12,5,Streit um Kulturausschuss in Brandenburg,„Eine Provokation der AfD“,
251,2019,12,4,AfD im Brandenburger Landtag,Rechtsaußen ohne Chance,
252,2019,12,4,AfD im Brandenburger Parlament,Rechtsaußen fällt durch,
253,2019,12,4,AfD-Reise nach Syrien,Alles ganz supi hier,
254,2019,12,4,,Polizei protestiert gegen AfD,
255,2019,12,3,,AfD-Arzt hetzt gegen Juden,
256,2019,12,2,Weiße Privilegien und Solidarität,"Seid brav, sonst kommt die AfD",
257,2019,12,1,"SPD-Spitze, AfD und Dienstpflicht",Neues Balancekonzept,
258,2019,12,1,Protest gegen AfD-Parteitag,„Nie wieder Faschismus“,
259,2019,12,1,AfD-Parteitag in Braunschweig,Aus Mangel an Alternativen,
260,2019,12,1,AfD wählt neuen Vorstand,"Meuthen bleibt, Chrupalla kommt",
261,2019,12,2,AfD-Bundesparteitag in Braunschweig,Antisemit will Chef werden,
262,2019,11,29,AfD-Parteitag in Braunschweig,Leiser Protest weit weg erwünscht,
263,2019,11,28,Bilanz Petz-Portale der AfD ,Unliebsame Plakate ,
264,2019,11,28,Die AfD vor dem Parteitag,Gerangel um Gaulands Nachfolge,
265,2019,11,27,Deutschpflicht im Schulhort?,Die AfD versteht’s nicht,
266,2019,11,27,„Frontal 21“ hält Beitrag zurück ,ZDF wartet auf AfD,
267,2019,11,25,AfD-Politiker Stephan Protschka,HistorikerInnen fordern Rücktritt ,
268,2019,11,24,Drohendes Personal-Chaos bei der AfD,Ein Geist namens Dr. Curio,
269,2019,11,22,Nach menschenverachtenden Posts,AfDler legt Mandat nieder,
270,2019,11,21,Einstufung der AfD als Prüffall,AfD scheitert mit Klage,
271,2019,11,20,Blockierten Abgeordnete eine AfD-Demo?,Ermittlungen ohne Ende,
272,2019,11,20,Wahlerfolg der AfD in Thüringen,Nicht alle Klischees stimmen,
273,2019,11,18,die nachricht,AfD feiert abgewählten Ausschussvorsitzenden,
274,2019,11,18,"Deutschlands Wirtschaft, AfD und Fußball","Hoeneß geht, Brandner auch",
275,2019,11,17,Umstrittener AfD-Kandidat zieht zurück,Auf Wiedervorlage,
276,2019,11,15,AfD-Skandale und mediale Reaktionen,Flächendeckend gefallene Masken,
277,2019,11,14,AfD rüstet sich gegen Überwachung ,Beamten-Netzwerk geplant,
278,2019,11,13,Abwahl von AfD-Politiker,„Es hat sich ausgehetzt“,
279,2019,11,13,Abwahl von AfD-Politiker im Ausschuss ,Im Namen der Würde,
280,2019,11,12,Nazi-Vergangenheit von AfDler,"Paul abgewählt, Paul tritt an",
281,2019,11,9,CDU-Generalsekretär im taz-Interview,„Die AfD möchte uns zerstören“,
282,2019,11,8,AfD-Landeschef in Brandenburg,Militärgeheimdienst prüfte Kalbitz,
283,2019,11,8,Wegen Publikation in „H&J“,Druck auf AfD-Vize Paul wächst ,
284,2019,11,8,Karnevalslegende und Nazi-Gegner,Köln bremst die AfD aus,
285,2019,11,7,Wolfgang Tiefensee über CDU und AfD,„Das wäre ein Dammbruch“,
286,2019,11,7,AfD-Politiker im Bundestag,Brandners Abwahl rückt näher,
287,2019,11,6,Nazi-Vergangenheit von AfD-Politiker,Lügen im Landtag,
288,2019,11,6,Partei der ehemaligen AfD-Chefin,Frauke Petry gibt auf,
289,2019,11,6,CDU und AfD im Kommunalen,Frankensteins unmögliche Koalition,
290,2019,11,5,Das Verhältnis zwischen CDU und AfD,Konkurrieren statt kooperieren,
291,2019,11,4,Antisemitismus in der AfD,Ausschuss prüft Abwahl von AfDler,
292,2019,11,5,Politikwissenschaftler zum AfD-Erfolg,„Eine höhere Handwerkerdichte“,
293,2019,10,31,Landespolitiker Wolfgang Gedeon,Antisemit bleibt AfD-Mitglied,
294,2019,10,29,Berliner Landesverband der AfD,Parteitag könnte platzen,
295,2019,10,28,Nach AfD-Wahlergebnis in Thüringen,Die Angst wächst stetig,
296,2019,10,28,Stimmen aus Thüringen zum AfD-Erfolg,„Noch mehr Haltung zeigen“,
297,2019,10,28,AfD bei der Thüringen-Wahl,Die Macht des „Flügels“,
298,2019,10,27,Landtagswahl in Thüringen,AfD erwartbar flügelstark,
299,2019,10,25,AfD droht Strafzahlung,Spende an Weidel wohl illegal,
300,2019,10,25,,Wie die AfD Klimapolitik zum Thema macht,
301,2019,10,25,,Der AfD rutscht etwas durch,
302,2019,10,24,„Arm des Rechtsterrorismus“,AfD knickt gegen SPD-Mann ein,
303,2019,10,24,Reden über die AfD,Die Wahrheit ist schlimm genug ,
304,2019,10,24,Proteste der Landwirte in Thüringen,AfD-Trecker beim Bauernverband,
305,2019,10,23,AfD-Mitbegründer zurück an der Uni,Erneut Protest gegen Luckes Lehren,
306,2019,10,23,specht der woche,AfD-Zentrale in Spandau,
307,2019,10,20,Landwirt über Bauernproteste,„Die AfD vereinnahmt die Demos“,
308,2019,10,21,Das kommt auch,AfD-TV im Quotentief,
309,2019,10,17,Große Bauernproteste auf AfD-Linie,Die dicksten Kartoffeln,
310,2019,10,16,AfD-Mitbegründer zurück an der Uni,Professor Lucke lahmgelegt,
311,2019,10,16,AfD-Gruppe störte in KZ-Gedenkstätte,Geldstrafe rechtskräftig,
312,2019,10,16,die drei fragezeichen,„Die AfD ist klar rechtsextrem und rassistisch“,
313,2019,10,16,,AfD-Politiker soll zurücktreten,
314,2019,10,18,Psychologin Eva Walther über AfD-Wähler,Es gibt eine Radikalisierung,
315,2019,10,12,76 Absagen,AfD findet keinen Ort für Parteitag,
316,2019,10,10,,AfD für viele normal,
317,2019,10,9,Entscheidung des Verfassungsgerichts,AfD-Abgeordneter scheitert ,
318,2019,10,7,Biohändler listen AfD-Hirse aus,„Kein enkeltaugliches Wirtschaften“,
319,2019,10,6,Parteitag der NRW-AfD,Radikale im „Schnellen Brüter“,
320,2019,10,7,Die AfD zweifelt am Klimawandel,Fakt you! ,
321,2019,10,4,Brandenburg,AfD erneut vor einer Schlappe,
322,2019,10,3,AfD-Bezirksverordneter schlägt Aktivisten,Knallzeugin der Schelle,
323,2019,10,3,So könnte die AfD an die Macht kommen,Deutschland 2025,
324,2019,9,29,„Faschist“-Urteil zu AfDler Höcke,Stigmatisiert sie!,
325,2019,9,30,AfD-Lügen zur Erderwärmung,Klima for Dummies,
326,2019,9,29,CDU nach Feine-Sahne-Fischflilet-Konzert,"Pyro, Bier und die AfD",
327,2019,9,29,Neues Hauptthema der AfD,Kampf gegen Klimaschutzpolitik,
328,2019,9,27,Nachspüren linker Aktivitäten,AfD-Anfrage läuft ins Leere,
329,2019,9,27,AfD-Vizepräsident in Brandenburg,Blumen statt Würde,
330,2019,9,25,AfD-Watch geht in Hamburg an den Start,Bloggen gegen rechts,
331,2019,9,25,Brandenburger Landtag,AfD stellt Vizepräsidenten,
332,2019,9,25,,AfD-Antrag scheitert in Karlsruhe,
333,2019,9,24,Streit über Hammelsprung im Bundestag,AfD scheitert vor Gericht,
334,2019,9,24,AfD wählt neue Fraktionsspitze,Wiederwahl mit Gaulands Hilfe,
335,2019,9,20,,„Diese Debatte um VerliererInnen ist eher AfD-Niveau“,
336,2019,9,19,Wahlkampfauftakt der AfD Thüringen,Alles so „bürgerlich“ hier,
337,2019,9,19,AfD verpetzt Schulen,Sticker machen die AfD verrückt,
338,2019,9,18,Protest gegen Bundesparteitag der AfD,Braunschweig gegen Braune,
339,2019,9,18,Grünen-Sprecherin über Treffen mit AfD,„Ich fordere eine Erklärung“,
340,2019,9,19,AfD-Kreistagsfraktion in Leer,Schulterschluss mit Volksverhetzer,
341,2019,9,17,,Personalfragen bleiben die Stärke der Bremer AfD ,
342,2019,9,16,Björn Höcke bricht ZDF-Interview ab,Die AfD gewinnt immer,
343,2019,9,16,AfD-Spitzenkandidat bricht Interview ab,Björn Höcke droht dem ZDF ,
344,2019,9,15,Seehofers Zusage an Italien,Regieren statt AfD kopieren ,
345,2019,9,15,Protest gegen die AfD,Ein Dorf wehrt sich,
346,2019,9,14,Das war auch,AfD nun auf dem Kiecker,
347,2019,9,13,AfD-Erfolg unter jungen Wähler*innen,Die rechten Enkel der Wende,
348,2019,9,12,Geschichtsvergessenheit der AfD,Hauptsache schwarz-rot-gold,
349,2019,9,12,Niedersachsens Verfassungsschutz,AfD als Prüffall eingestuft,
350,2019,9,12,AfD-Fraktion,Pazderski als Chef bestätigt,
351,2019,9,12,Widerstand gegen AfD-Veranstaltung,Ein Dorf in Aufruhr,
352,2019,9,7,Das war,AfD-Fraktion aufgelöst,
353,2019,9,6,Soziologin über AnhängerInnen der AfD,„Es geht um Emotionen“,
354,2019,9,6,Wahlforscher zu Ostwahlen,„Grüne sind der Antipode zur AfD“,
355,2019,9,4,wortwechsel,„AfD-Wähler sind nur frustriert? Stimmt nicht!“,
356,2019,9,4,,AfD gerügt,
357,2019,9,3,Erfolge der AfD im Osten,„Ich habe etwas Angst“,
358,2019,9,2,Der Wahlerfolg der AfD,Überzeugungswähler,
359,2019,9,3,Nazi-Symbol,AfD-Politiker verliert vor Gericht,
360,2019,9,3,Kommentar von Benno Schirrmeister über die Zerlegung der AfD-Fraktion,Ein Grund zu feiern,
361,2019,9,2,AfD-Fraktion Bremen spaltet sich,Alternative schafft sich ab,
362,2019,9,2,AfD-Wahlerfolg bei den Landtagswahlen,Die bürgerliche Inszenierung,
363,2019,9,2,Kritik an MDR-Umgang mit der AfD,Die Unschärfe,
364,2019,9,2,Unruhe nach schlechten Wahlergebnissen,Bremens AfD vor dem Bruch,
365,2019,9,1,AfD bei Ost-Landtagswahlen,Höhenflug trotz radikalen Personals,
366,2019,8,31,,Die AfD hat Angst vor der Kultur,
367,2019,8,31,,CDU einig mit AfD,
368,2019,8,30,AfD-Spitzenkandidat bei Nazi-Demo,Weiße Männer in Athen,
369,2019,8,30,"unter leuten8,7 Millionen Menschen leben in Brandenburg, Thüringen und Sachsen. Hier ist einer von ihnen",An die 600.000 Menschen werden in Sachsen AfD wählen. Auch Tom S.,
370,2019,8,30,südwester,Die AfD vibriert,
371,2019,8,29,Machtkampf in Bremen,AfD demontiert sich selbst,
372,2019,8,29,Finanzaffären der AfD,Es droht eine neue Strafzahlung,
373,2019,8,29,Bundeswehr-Ausbilder gegen AfD,Ärger für Generalmajor,
374,2019,8,29,taz🐾sachen,Nicht nur aufdie AfD blicken,
375,2019,8,29,Andreas Speit Der rechte Rand,Wie die AfD das Internet in Meck-Pomm entdeckt,
376,2019,8,28,Sayn-Wittgensteins AfD-Rausschmiss ,Die Entbehrliche,
377,2019,8,28,Parteiausschluss für Landesvorsitzende,AfD schiebt Sayn-Wittgenstein ab,
378,2019,8,28,wortwechsel,War die Unteilbar-Demo zu sehr auf die AfD fixiert?,
379,2019,8,24,,Die AfD ist wie ein Klecks Senf,
380,2019,8,23,Kein Raum für Landesparteitag in Berlin,AfD soll wieder rausfliegen,
381,2019,8,23,AfDlerin Doris von Sayn-Wittgenstein ,Einsatz für Rechtsextreme,
382,2019,8,17,Rechte Gewalt und die AfD,Rechter Sickereffekt bemerkbar,
383,2019,8,17,Analyse zum AfD-Urteil,Notwendiger Tabubruch,
384,2019,8,16,Urteil zu AfD-Wahllisten in Sachsen,30 Kandidaten dürfen antreten,
385,2019,8,16,Brandenburgs AfD-Spitzenmann Kalbitz,Der Flügel-Kämpfer,
386,2019,8,18,Machtkampf in der AfD,Auf dem Weg zur NPD light,
387,2019,8,15,Brandenburg-Wahl,"AfD weiter stärkste Partei, SPD folgt",
388,2019,8,14,,Steinmeier greift AfD frontal an,
389,2019,8,13,Umgang mit Rechtsradikalen,„Die AfD ist die erfolgreiche NPD“,
390,2019,8,12,Überfall auf Bremer AfD-Chef Magnitz,Ermittlungen eingestellt,
391,2019,8,12,Soziologe über den AfD-Ost-Wahlkampf,Systemkollaps hat geprägt,
392,2019,8,9,Früherer AfD-Fraktionsvize verurteilt,"Hass gesät, Strafe geerntet",
393,2019,8,6,Brandenburg,SPD kämpft gegen AfD an,
394,2019,8,2,AfD-Mitarbeiter im Europaparlament,"Für Le Pen zu rechts, für AfD nicht",
395,2019,8,2,Hans-Georg Maaßen in Sachsen,Werte-Union macht AfD-Wahlkampf ,
396,2019,8,2,Streit um Herausgabe persönlicher Daten,Schlappe für die AfD,
397,2019,7,31,Umfragehoch für Thüringer AfD,Falsche Strategien gegen Höcke,
398,2019,7,31,Landtagswahl in Thüringen,Linkspartei und AfD liegen vorn,
399,2019,7,31,AfD-Gründer Lucke lehrt in Hamburg,Bernd ist wieder da,
400,2019,8,6,Ostdeutschland und die AfD,Mythos Revolution,
401,2019,7,26,Rechtsextremismus der AfD,Söders Antifaschismus,
402,2019,7,25,Wahlkampf von Dietmar Woidke,Angst vor Grünen und AfD,
403,2019,7,25,Entscheidung über sächsische Wahllisten,Teilsieg für Sachsens AfD,
404,2019,7,24,Wahlexperte über AfD-Liste in Sachsen,„Hätte nicht gekürzt werden dürfen“,
405,2019,7,24,AfD will mehr Listenplätze in Sachsen,Verfassungsgericht sagt „nein“,
406,2019,7,22,Bedrohtes Punkfestival Resist to Exist,"Erst die AfD, dann die Bürokraten",
407,2019,7,22,Verfassungsgericht Baden-Württemberg,Rausschmiss zweier AfDler war okay,
408,2019,7,18,Umfrage zur Landtagswahl Brandenburg,Wenigstens kein Wachstum bei AfD,
409,2019,7,18,Landtagswahlen in Brandenburg,AfD darf antreten – und liegt vorn,
410,2019,7,18,Kommentar von Volkan Ağar zum Verhältnis der Polizei zur AfD,"Ein Vorstoß, der mal Hoffnung macht",
411,2019,7,15,Vor der Landtagswahl in Sachsen,Sachsen-AfD legt Beschwerde ein,
412,2019,7,14,Streit um Ausrichtung der AfD,Höcke-Kult und Kampfansagen,
413,2019,7,14,Wahlkampfauftakt der AfD in Cottbus,Höckes Hochburg,
414,2019,7,12,Streit um Ausrichtung der AfD,Wenn Höcke übernimmt,
415,2019,7,12,Streit um Landesliste,Sachsen-AfD droht mit Anwälten,
416,2019,7,11,AfD in Sachsen,"Wut, Trotz und Selbstmitleid",
417,2019,7,11,Thilo Sarrazin soll aus der SPD raus,Vorerst nicht bei der AfD,
418,2019,7,10,Flügel-Streit der AfD ,Nicht alle folgen bedingungslos ,
419,2019,7,10,Stadtmission verwirrt Susanne Memarnia,"Weidel und Gauland ja, AfD nein",
420,2019,7,9,AfD-Liste Sachsen,Ein Aufschub schadet nur,
421,2019,7,9,AfD wirft Co-Landessprecher raus,Zu viel NPD im Stammbuch,
422,2019,7,8,Gekürzte Wahlliste in Sachsen,AfD kann erst im Nachhinein klagen,
423,2019,7,8,,NRW-AfD: Führung der Partei zerfällt,
424,2019,7,8,südwester,Die Ängste der AfD,
425,2019,7,7,GdP distanziert sich von AfD,Keine Alternative ,
426,2019,7,7,Gauland will nicht jede Meinung dulden,AfD-Spitze in NRW zerfällt,
427,2019,7,6,AfD Sachsen,Selbstverschuldet in die Opferrolle,
428,2019,7,5,Landtagswahl in Sachsen,Sachsen-AfD eingedampft,
429,2019,7,3,Rhetorikexperte über Özdemir-Rede,„Die AfD macht Propaganda“,
430,2019,7,2,,Die AfD im Visier,
431,2019,6,30,AfD-Landesvorsitz Schleswig-Holstein,Erhitzte Gemüter im Norden,
432,2019,6,27,NPD-Verbindungen in der AfD,"Zwei Aufnahmen, ein Problem",
433,2019,6,27,Gremium ohne AfD,CDU macht rechts dicht ,
434,2019,6,27,Andreas Speit Der rechte Rand,Wie sich die AfD mit einer Anfrage selbst entlarvt,
435,2019,6,26,Radikale AfD-Jugend,Alles beim Alten,
436,2019,6,25,Programm für Regierungsbeteiligung ,Sachsen-AfD droht schon mal,
437,2019,6,25,Verdacht auf illegale Wahlkampfhilfe,Razzia bei der AfD in Düsseldorf,
438,2019,6,24,AKK und die AfD,Die CDU ist Teil des Problems,
439,2019,6,24,"CDU, AfD und der Fall Lübcke",Keine Koalition mit AfD,
440,2019,6,22,,AfD – ist schon okay!,
441,2019,6,21,Kulturpolitik in der sächsischen AfD,Der Beginn eines Kulturkampfes,
442,2019,6,22,Kolumne Macht,Externe Hilfestellung für die AfD,
443,2019,6,20,Debatte über CDU-AfD-Koalition,Schnapsidee aus der dritten Reihe,
444,2019,6,20,Parteien in Sachsen-Anhalt,Der AfD-Fanclub in der CDU-Spitze,
445,2019,6,20,AfD verschiebt Sozialparteitag,Rechtspopulisten ohne Rentenkonzept,
446,2019,6,20,Kirchentag ohne die AfD,Lasst es doch!,
447,2019,6,19,Hessens Landtag verurteilt Lübcke-Mord,Zweifel am Beileid der AfD,
448,2019,6,17,Kein AfD-Bürgermeister in Görlitz,Eine Stadt atmet auf,
449,2019,6,11,AfD-Querelen in Schleswig-Holstein,Ex-Chefin will sich einklagen,
450,2019,6,8,,Ein halbes Prozent mehr für die AfD,
451,2019,6,7,Forscher über AfD-Pressemitteilungen,„Befeuerung der Angstmaschine“,
452,2019,6,3,Absage der Leipziger Jahresausstellung,Der AfD liebster Maler,
453,2019,5,29,AfD in der Stichwahl zum OB in Görlitz,Kampf um die schweigende Mehrheit,
454,2019,5,28,,AfD sieht in den Grünen ihren „Hauptfeind“,
455,2019,5,27,AfD Berlin bei der EU-Wahl,Blauer wird's nicht!,
456,2019,5,27,Schul-Agentur lehnt AfD-Mitglieder ab,Pädagogisch ungeeignet,
457,2019,5,26,AfD-Niederlage bei der Europawahl,Einbruch für Jörg Meuthen,
458,2019,5,24,Rechtsextremer Hintergrund bei der AfD,Ein Autor für die NPD,
459,2019,5,21,Streit in der Berliner AfD,Alternative: nicht wählen!,
460,2019,5,21,Europawahl,AfD sagt Wahlparty in Berlin ab,
461,2019,5,20,Die AfD und der FPÖ-Korruptionsskandal,"Schweigen, dann herunterspielen",
462,2019,5,15,AfD macht Druck auf Kulturinstitutionen,Nicht mehr über Politik reden,
463,2019,5,15,SchülerInnen-Theater in Osnabrück,Zu viel Theater für die AfD,
464,2019,5,14,AfD-Politiker verwendet falschen Titel,Der unbekannte Professor,
465,2019,5,10,,AfD-Landesboss kriegt Gegenwind,
466,2019,5,10,AfD-„Konferenz der Freien Medien“,Fortbildung für rechte Blogger,
467,2019,5,10,Wahlverbrechen #2Jean-Philipp Baeck über ein AfD-Plakat,Schleierhaft,
468,2019,5,7,Kein Essen für AfD,Rechte müssen hungrig bleiben,
469,2019,5,6,AfD-Chef,Migranten gentrifizieren,
470,2019,5,2,Parteiausschluss-Verfahren in der AfD,Welche Nazi-Kontakte sind okay? ,
471,2019,5,1,AfD-Kundgebung in Erfurt am 1. Mai,Nicht blau zum Frühling,
472,2019,4,30,Gewerkschafterin über die AfD,„Einfache Antworten verfangen“,
473,2019,4,26,Landesparteitag in Oldenbüttel abgesagt,AfD muss draußen bleiben,
474,2019,4,25,Andreas Speit Der rechte Rand,Warum der Kontakt zu Burschenschaften für die AfD ein Problem ist,
475,2019,4,23,AfD-Programm zur Wahl in Bremen,Wahnhafte Fantasien,
476,2019,4,17,AfD-Spendenaffäre,Schuld sind immer die anderen,
477,2019,4,17,die nachricht,Illegale Spenden: AfD muss 402.900 Euro Strafe zahlen,
478,2019,4,17,"Kommentar von Andreas Speit über die Entscheidung der Ida-Ehre-Schule, keine AfD-Politiker einzuladen",Kein Recht auf Podien,
479,2019,4,16,Bundestag ahndet illegale Parteispende,AfD bekommt teuren Strafbescheid,
480,2019,4,16,taz-Mitgründer verteidigt AfD,Als „der Ulli“ rechts abbog,
481,2019,4,13,Förderstopp für Linken,"Jugend schützen, nicht die AfD",
482,2019,4,11,Stellungnahme zu Urenco-Uranfabrik,AfD lud mutmaßlichen Fälscher ein,
483,2019,4,10,AfD-Mitgliedschaft von Beamten,Kommt drauf an,
484,2019,4,10,Vorgehen gegen AfD-Beamte,Gesinnung ist nicht kontrollierbar,
485,2019,4,8,,Bayern-AfD im freien Zerfall,
486,2019,4,7,Russischer Einfluss auf AfD-Abgeordneten,Frohnmaier spricht von Kampagne,
487,2019,4,7,AfD in Bayern ,Im freien Zerfall,
488,2019,4,6,Europawahlkampf der AfD,Nur eine kleine Nummer,
489,2019,4,5,Kriminalisierung der Antifa,Die AfD wirkt,
490,2019,4,5,abgelehnte AfD-Kandidatin,"Na, wenigstens das",
491,2019,4,5,,AfD-Kandidatin fällt wieder durch,
492,2019,4,4,Abgelehnte AfD-Kandidatin,Aushalten wäre besser gewesen,
493,2019,4,4,AfD-Kandidatin für Bundestagspräsidium,Harder-Kühnel erneut durchgefallen,
494,2019,4,4,Wahl zur Bundestagsvizepräsidentin,Dritter Anlauf für die AfD,
495,2019,4,3,Politikwissenschaftler über AfD ,„Man erwartet den Tag X“,
496,2019,4,2,Falscheid-Urteil gegen frühere AfD-Chefin,Milde Strafe für Frauke Petry,
497,2019,4,1,AfD-Hardliner an Hamburger Schule,Behörde räumt Empfehlung ein ,
498,2019,3,29,Ex-AfD-Chefin Frauke Petry vor Gericht,Petry muss sich keine Sorgen machen,
499,2019,4,3,Kulturverein in Bremen verleumdet,AfD verliert gegen Zuckerwerk,
500,2019,3,29,Schüler-Protest gegen AfD-Auftritt,Jugend forsch,
501,2019,3,29,AfD-Politiker-Kind,Privatschule darf Schüler auswählen,
502,2019,3,27,Projekttag zu Extremismus,Behörde lässt AfDler auf Schüler los,
503,2019,3,27,AfDler in Hamburger Schule,Ein Beispiel – kein Experte,
504,2019,3,26,Dienstaufsichtsbeschwerde der AfD,AfD gegen Verfassungsschutzchef,
505,2019,3,26,Alnatura beschäftigt AfD-nahen Anwalt,Fragwürdige Hilfe im Arbeitskampf,
506,2019,3,25,AfD-nahe Stiftung fordert Geld vom Staat,Steinbach will Staatsknete einklagen,
507,2019,3,25,,Mehr AfD-GegnerInnen als Rechte in Wandsbek,
508,2019,3,23,Pro und Contra,Demonstrieren gegen die AfD?,
509,2019,3,22,Sticker an Ida Ehre Schule,Der AfD zu Diensten,
510,2019,3,22,Antifa-Sticker in Hamburger Schule,Schulleitung wehrt sich gegen die AfD,
511,2019,3,21,Volkswagen lässt AfD abblitzen,Keine Rabatte für Dienstfahrzeuge,
512,2019,3,20,,Strafbefehl für AfD-Betrüger,
513,2019,3,20,AfD bekämpft Antifa in Hamburgs Schulen ,Unerwünschte Sticker,
514,2019,3,18,Gemein zur AfD oder gut zur Verfassung? ,Kultur ist Kampf (ist Kultur),
515,2019,3,15,Entscheidung vor Bremer Landgericht,AfD bleibt antidemokratisch,
516,2019,3,14,,Bezirk macht Platz für AfD,
517,2019,3,12,Illegale Wahlkampfhilfe für Meuthen,AfD rechnet mit 400.000 Euro Strafe,
518,2019,3,9,Das kommt,AfD feiert sich und den Frühling,
519,2019,3,8,Verfassungsschutz und AfD,Verbot des P-Worts akzeptiert,
520,2019,3,7,AKK und rechte WählerInnen ,Auf Anti-AfD-Kurs,
521,2019,3,7,Wegen illegaler Parteispenden,AfD droht Strafzahlung,
522,2019,3,7,Andreas Speit Der rechte Rand,Warum die AfD ihren Jugendverband abstoßen will,
523,2019,3,6,Spendenaffäre der AfD,Schatzmeister belastet Kreisverband,
524,2019,3,3,Extremismusvorwürfe gegen Höcke,Familienstreit um den Kurs der AfD,
525,2019,3,1,Studie vergleicht NS- und AfD-Hochburgen,"Alte Nazis, neu verpackt?",
526,2019,2,28,Andreas Speit Der rechte Rand,Hamburger AfD-Parteitag im geschützten Raum,
527,2019,2,27,Prüffall AfD,Sieg für den Rechtsstaat,
528,2019,2,26,Verwaltungsgericht zur AfD,Bezeichnung „Prüffall“ ist nicht okay,
529,2019,2,25,Facebook-Posts der AfD Darmstadt,Stinkendes Eigenlob,
530,2019,2,24,Spendenaffäre der AfD,Führung weist Verantwortung von sich,
531,2019,2,21,Bundestagswahlkampf 2017,Fälschte die AfD Spenderlisten?,
532,2019,2,21,Beamtenstatus von AfD-Abgeordnetem,„Pflicht zur Verfassungstreue verletzt“,
533,2019,2,21,Ex-AfD-Abgeordnete schwänzt die Arbeit,Auf Hitlerwein folgt Dauerurlaub,
534,2019,2,20,Berliner Verfassungsgerichtsentscheid,AfD verliert gegen Michael Müller,
535,2019,2,18,Meineid-Prozess gegen Ex-AfD-Politikerin,Frauke Petry schweigt vor Gericht,
536,2019,2,17,Bundeskongress der AfD-Jugend,Junge Alternative lieber unter sich,
537,2019,2,17,Debatte Rechtsruck unter Staatsdienern,Berufsverbote gegen AfD-Beamte?,
538,2019,2,15,taz🐾sachen,AfD-Kongress: taz ausgesperrt,
539,2019,2,15,BeamtInnen in der AfD,Dienstrecht ist geduldig,
540,2019,2,11,AfDler auf der Berlinale,Jetzt ermittelt der Staatsschutz,
541,2019,2,11,,Kein Wort mit der AfD,
542,2019,2,10,AfD-Wahlparteitag in Sachsen,Hass und Hysterie,
543,2019,2,10,AfD-Wahlparteitag in Sachsen,Extreme Erfolge,
544,2019,2,10,AfD-Rechtsaußen-Bewegung „Der Flügel“,Eine Partei in der Partei,
545,2019,2,10,Versammlung eines rechten AfD-Flügels,Rumopfern über die eigene Partei,
546,2019,2,8,Lichtausschalten als Protest gegen AfD ,Der Staat muss neutral bleiben,
547,2019,2,7,Wahlkampf in Sachsen,Sächsische AfD will an die Macht,
548,2019,2,7,Streit um „Prüffall“-Bezeichnung ,AfD verklagt Verfassungsschutz,
549,2019,2,5,Israel boykottiert Rechte,AfD und FPÖ nicht willkommen,
550,2019,2,3,Jüdischer Autor bei der AfD,Polemisch bis sarkastisch bis kryptisch,
551,2019,2,1,AfD-Auto in Berlin abgebrannt ,Antonio-Stiftung im Visier der Rechten,
552,2019,1,28,Verfassungssschutz-Gutachten,Halbwissen über die AfD,
553,2019,1,27,Partei verklagt den Verfassungsschutz ,AfD versucht den Gegenangriff,
554,2019,1,27,Gedenken an den Holocaust,AfD in Gedenkstätte unerwünscht,
555,2019,1,26,,Die AfD sperrt aus,
556,2019,1,26,,Schittkowski schaut sich AfD genauer an,
557,2019,1,25,Gedenkveranstaltungen in Buchenwald ,AfD-Politiker*innen nicht willkommen,
558,2019,1,27,AfD und Verfassungsschutz,Vom Erfolg verführt,
559,2019,1,24,,AfD zieht sich aus Landtag zurück,
560,2019,1,23,Polizisten auf AfD-Liste in Thüringen,Gewerkschaft fordert Distanz,
561,2019,1,22,Mitgliederschwund beim AfD-Nachwuchs,Exodus bei der Jungen Alternative,
562,2019,1,22,Kommentar Benno Schirrmeister über AfD und Presse,Angst vor Kompetenz,
563,2019,1,21,AfD-Gutachten des Verfassungsschutzes,"Völkisch, verächtlich, revisionistisch",
564,2019,1,21,AfD schließt Bremer Redakteur aus,taz ist zu unbequem,
565,2019,1,20,AfD Bremen konzentriert die Macht,Magnitz über alles,
566,2019,1,19,Prüfung durch den Verfassungsschutz,In welche Richtung kippt die AfD?,
567,2019,1,18,AfD-Alterspräsident in Hessen,Ungeliebte Sitznachbarn,
568,2019,1,18,Dubiose Parteispenden an die AfD,Aus einem Namen werden 14,
569,2019,1,17,Ex-AfD-Berater Patzelt und die CDU,Endlich Aktivist,
570,2019,1,16,Gast-Kommentar Verfassungsschutz,AfD beobachten? Schlechte Idee!,
571,2019,1,16,Urteil im Stiftungsrat-Prozess ,AfD darf ausgeschlossen werden,
572,2019,1,15,AfD und Verfassungsschutz,Überwachung allein reicht nicht,
573,2019,1,15,Demos nach Angriff auf Magnitz,AfD mahnt überparteilich,
574,2019,1,15,AfD im Blick des Verfassungsschutzes,Unter Beobachtung,
575,2019,1,15,Nach dem Angriff auf Frank Magnitz,Interne Querelen in der Bremer AfD,
576,2019,1,14,Brandanschlag in Ukraine,AfD-Mitarbeiter beschuldigt,
577,2019,1,13,AfD-Austritt von Poggenburg,Willkommener Abgang,
578,2019,1,13,AfD-Parteitag in Riesa,AfD will EU-Parlament abschaffen,
579,2019,1,12,Bremer AfD-Abgeordneter Magnitz,Nur „Rechnungen beglichen“,
580,2019,1,11,AfD-Bundesparteitag in Riesa,Alternative fürs Pegida-Milieu,
581,2019,1,11,Angriff auf AfD-Politiker Magnitz,Ermittler veröffentlichen Video ,
582,2019,1,11,Europawahl im Mai,Setzt die AfD auf einen Dexit?,
583,2019,1,10,„Die Nationalkonservativen“ statt AfD,Poggenburg gründet eigene Partei,
584,2019,1,9,Neues zum Überfall auf AfD-Politiker,"Kein Kantholz, keine Kopftritte",
585,2019,1,8,Anschlag auf Bremer AfD-Politiker,„Kamera 7 zeigt den Tathergang“,
